<?xml version="1.0" encoding="UTF-8"?>
<addons>
<addon id="repository.CanadaOnDemand" name="CanadaOnDemand Repo" version="1.0" provider-name="andrepl">
	<extension point="xbmc.addon.repository" name="CanadaOnDemand Repo">
		<info compressed="false">https://github.com/irfancharania/canada.on.demand.repo/raw/master/addons.xml</info>
		<checksum>https://github.com/irfancharania/canada.on.demand.repo/raw/master/addons.xml.md5</checksum>
		<datadir zip="true">https://github.com/irfancharania/canada.on.demand.repo/raw/master/zips</datadir>
	</extension>
	<extension point="xbmc.addon.metadata">
		<summary>Repo for CanadaOnDemand</summary>
		<description>This repository is for testing and alpha versions of andrepl's plugins.</description>
		<disclaimer>The owners and submitters to this repository do not host or distribute any of the content displayed by these addons nor do they have any affiliation with the content providers.</disclaimer>
		<platform>all</platform>
	</extension>
</addon>
</addons>
